{
  "opts": {
    "recurse": true,
    "template": "config/jsdoc/api/template"
  },
  "tags": {
    "allowUnknownTags": true
  },
  "source": {
    "includePattern": ".+\\.js(doc)?$",
    "excludePattern": "(^|\\/|\\\\)_",
    "include": [
      "src/ol"
    ]
  },
  "plugins": [
    "plugins/markdown",
    "config/jsdoc/api/plugins/normalize-exports",
    "config/jsdoc/api/plugins/inline-options",
    "config/jsdoc/api/plugins/events",
    "config/jsdoc/api/plugins/observable",
    "config/jsdoc/api/plugins/api"
  ],
  "markdown": {
    "parser": "gfm"
  },
  "templates": {
    "cleverLinks": true,
    "monospaceLinks": true,
    "default": {
      "outputSourceFiles": false
    },
    "applicationName": "OpenLayers"
  },
  "jsVersion": 180
}
